Position,Name + ID,Name,ID,Roster Position,Salary,Game Info,TeamAbbrev,AvgPointsPerGame
C,Joel Embiid (32639281),Joel Embiid,32639281,C/UTIL,11000,PHI@WAS 02/10/2024 07:00PM ET,PHI,63.9
PF,Kevin Durant (32639283),Kevin Durant,32639283,PF/F/UTIL,10000,PHX@GSW 02/10/2024 08:30PM ET,PHX,49.33
PG/SG,Donovan Mitchell (32639286),Donovan Mitchell,32639286,PG/SG/G/UTIL,9900,CLE@TOR 02/10/2024 07:30PM ET,CLE,50.01
PG,Stephen Curry (32639297),Stephen Curry,32639297,PG/G/UTIL,9800,PHX@GSW 02/10/2024 08:30PM ET,GSW,43.95
PG/SG,Devin Booker (32639293),Devin Booker,32639293,PG/SG/G/UTIL,9700,PHX@GSW 02/10/2024 08:30PM ET,PHX,47.3
PG,Jalen Brunson (32639290),Jalen Brunson,32639290,PG/G/UTIL,9600,IND@NYK 02/10/2024 07:30PM ET,NYK,44.4
PG,Trae Young (32639300),Trae Young,32639300,PG/G/UTIL,9500,HOU@ATL 02/10/2024 07:30PM ET,ATL,50.96
PG,LaMelo Ball (32639303),LaMelo Ball,32639303,PG/G/UTIL,9500,MEM@CHA 02/10/2024 07:00PM ET,CHA,46.65
C,Alperen Sengun (32639309),Alperen Sengun,32639309,C/UTIL,9200,HOU@ATL 02/10/2024 07:30PM ET,HOU,43.76
PG,Tyrese Maxey (32639306),Tyrese Maxey,32639306,PG/G/UTIL,9200,PHI@WAS 02/10/2024 07:00PM ET,PHI,43.58
SF/PF,Miles Bridges (32639311),Miles Bridges,32639311,SF/PF/F/UTIL,8700,MEM@CHA 02/10/2024 07:00PM ET,CHA,39.11
PG/SF,Scottie Barnes (32639317),Scottie Barnes,32639317,PG/SF/F/G/UTIL,8500,CLE@TOR 02/10/2024 07:30PM ET,TOR,44.46
C,Julius Randle (32639315),Julius Randle,32639315,C/UTIL,8500,IND@NYK 02/10/2024 07:30PM ET,NYK,44.28
PG,Tyrese Haliburton (32639322),Tyrese Haliburton,32639322,PG/G/UTIL,8400,IND@NYK 02/10/2024 07:30PM ET,IND,49.24
PF,Paolo Banchero (32639325),Paolo Banchero,32639325,PF/F/UTIL,8300,CHI@ORL 02/10/2024 07:00PM ET,ORL,41.92
SG/SF,Donte DiVincenzo (32639328),Donte DiVincenzo,32639328,SG/SF/F/G/UTIL,8300,IND@NYK 02/10/2024 07:30PM ET,NYK,25.03
SF/PF,Pascal Siakam (32639333),Pascal Siakam,32639333,SF/PF/F/UTIL,8200,IND@NYK 02/10/2024 07:30PM ET,IND,39.46
PF/C,Jaren Jackson Jr. (32639337),Jaren Jackson Jr.,32639337,PF/C/F/UTIL,8100,MEM@CHA 02/10/2024 07:00PM ET,MEM,37.29
SF/PF,Tobias Harris (32639341),Tobias Harris,32639341,SF/PF/F/UTIL,8000,PHI@WAS 02/10/2024 07:00PM ET,PHI,33.37
SF/PF,DeMar DeRozan (32639345),DeMar DeRozan,32639345,SF/PF/F/UTIL,7900,CHI@ORL 02/10/2024 07:00PM ET,CHI,39.06
C,Nikola Vucevic (32639349),Nikola Vucevic,32639349,C/UTIL,7800,CHI@ORL 02/10/2024 07:00PM ET,CHI,39.47
SG/SF,Brandon Miller (32639355),Brandon Miller,32639355,SG/SF/F/G/UTIL,7700,MEM@CHA 02/10/2024 07:00PM ET,CHA,27.97
PG/SG,Coby White (32639351),Coby White,32639351,PG/SG/G/UTIL,7700,CHI@ORL 02/10/2024 07:00PM ET,CHI,35.36
PG/SG,Dejounte Murray (32639360),Dejounte Murray,32639360,PG/SG/G/UTIL,7600,HOU@ATL 02/10/2024 07:30PM ET,ATL,38.92
PF/C,Kyle Kuzma (32639364),Kyle Kuzma,32639364,PF/C/F/UTIL,7500,PHI@WAS 02/10/2024 07:00PM ET,WAS,38.42
PG/SG,Jalen Green (32639368),Jalen Green,32639368,PG/SG/G/UTIL,7400,HOU@ATL 02/10/2024 07:30PM ET,HOU,30.9
PF,Jalen Johnson (32639376),Jalen Johnson,32639376,PF/F/UTIL,7400,HOU@ATL 02/10/2024 07:30PM ET,ATL,35.87
SF/PF,Jonathan Kuminga (32639372),Jonathan Kuminga,32639372,SF/PF/F/UTIL,7400,PHX@GSW 02/10/2024 08:30PM ET,GSW,25.96
C,Jarrett Allen (32639379),Jarrett Allen,32639379,C/UTIL,7300,CLE@TOR 02/10/2024 07:30PM ET,CLE,36.6
SG/SF,RJ Barrett (32639385),RJ Barrett,32639385,SG/SF/F/G/UTIL,7300,CLE@TOR 02/10/2024 07:30PM ET,TOR,32.12
PG/SG,Bradley Beal (32639381),Bradley Beal,32639381,PG/SG/G/UTIL,7300,PHX@GSW 02/10/2024 08:30PM ET,PHX,33.19
SF,Franz Wagner (32639390),Franz Wagner,32639390,SF/F/UTIL,7200,CHI@ORL 02/10/2024 07:00PM ET,ORL,36.79
PG,Immanuel Quickley (32639396),Immanuel Quickley,32639396,PG/G/UTIL,7100,CLE@TOR 02/10/2024 07:30PM ET,TOR,27.32
PG,Fred VanVleet (32639393),Fred VanVleet,32639393,PG/G/UTIL,7000,HOU@ATL 02/10/2024 07:30PM ET,HOU,38.74
SG/SF,Josh Hart (32639401),Josh Hart,32639401,SG/SF/F/G/UTIL,7000,IND@NYK 02/10/2024 07:30PM ET,NYK,23.54
C,Jusuf Nurkic (32639399),Jusuf Nurkic,32639399,C/UTIL,7000,PHX@GSW 02/10/2024 08:30PM ET,PHX,34.02
PG,Darius Garland (32639406),Darius Garland,32639406,PG/G/UTIL,6900,CLE@TOR 02/10/2024 07:30PM ET,CLE,32.36
PF/C,Precious Achiuwa (32639409),Precious Achiuwa,32639409,PF/C/F/UTIL,6900,IND@NYK 02/10/2024 07:30PM ET,NYK,19.12
PF/C,Evan Mobley (32639413),Evan Mobley,32639413,PF/C/F/UTIL,6800,CLE@TOR 02/10/2024 07:30PM ET,CLE,37.46
SF/PF,OG Anunoby (32639417),OG Anunoby,32639417,SF/PF/F/UTIL,6800,IND@NYK 02/10/2024 07:30PM ET,NYK,28.15
C,Isaiah Hartenstein (32639421),Isaiah Hartenstein,32639421,C/UTIL,6700,IND@NYK 02/10/2024 07:30PM ET,NYK,25.14
C,Jakob Poeltl (32639434),Jakob Poeltl,32639434,C/UTIL,6500,CLE@TOR 02/10/2024 07:30PM ET,TOR,29.42
SF/PF,Bojan Bogdanovic (32639423),Bojan Bogdanovic,32639423,SF/PF/F/UTIL,6500,IND@NYK 02/10/2024 07:30PM ET,NYK,30.57
PF/C,Onyeka Okongwu (32639430),Onyeka Okongwu,32639430,PF/C/F/UTIL,6400,HOU@ATL 02/10/2024 07:30PM ET,ATL,23.85
PF,Kelly Oubre Jr. (32639427),Kelly Oubre Jr.,32639427,PF/F/UTIL,6400,PHI@WAS 02/10/2024 07:00PM ET,PHI,24.7
C,Andre Drummond (32639436),Andre Drummond,32639436,C/UTIL,6300,CHI@ORL 02/10/2024 07:00PM ET,CHI,22.88
SG,Bogdan Bogdanovic (32639438),Bogdan Bogdanovic,32639438,SG/G/UTIL,6200,HOU@ATL 02/10/2024 07:30PM ET,ATL,29.18
C,Nick Richards (32639449),Nick Richards,32639449,C/UTIL,6200,MEM@CHA 02/10/2024 07:00PM ET,CHA,23.77
C,Clint Capela (32639447),Clint Capela,32639447,C/UTIL,6100,HOU@ATL 02/10/2024 07:30PM ET,ATL,30.65
SF,Deni Avdija (32639464),Deni Avdija,32639464,SF/F/UTIL,6100,PHI@WAS 02/10/2024 07:00PM ET,WAS,28.66
PG/SG,Brandin Podziemski (32639443),Brandin Podziemski,32639443,PG/SG/G/UTIL,6100,PHX@GSW 02/10/2024 08:30PM ET,GSW,24.46
PG/SG,Amen Thompson (32639456),Amen Thompson,32639456,PG/SG/G/UTIL,6000,HOU@ATL 02/10/2024 07:30PM ET,HOU,19.21
SF/PF,Saddiq Bey (32639469),Saddiq Bey,32639469,SF/PF/F/UTIL,6000,HOU@ATL 02/10/2024 07:30PM ET,ATL,26.53
SG/SF,Vince Williams Jr. (32639451),Vince Williams Jr.,32639451,SG/SF/F/G/UTIL,6000,MEM@CHA 02/10/2024 07:00PM ET,MEM,22.88
C,Myles Turner (32639441),Myles Turner,32639441,C/UTIL,6000,IND@NYK 02/10/2024 07:30PM ET,IND,32.27
PF/C,Draymond Green (32639460),Draymond Green,32639460,PF/C/F/UTIL,6000,PHX@GSW 02/10/2024 08:30PM ET,GSW,28.67
C,Paul Reed (32639467),Paul Reed,32639467,C/UTIL,5900,PHI@WAS 02/10/2024 07:00PM ET,PHI,17.26
PG,Tyus Jones (32639473),Tyus Jones,32639473,PG/G/UTIL,5900,PHI@WAS 02/10/2024 07:00PM ET,WAS,28.85
PG/SG,Caris LeVert (32639489),Caris LeVert,32639489,PG/SG/G/UTIL,5800,CLE@TOR 02/10/2024 07:30PM ET,CLE,28.53
PG/SG,De'Anthony Melton (32639476),De'Anthony Melton,32639476,PG/SG/G/UTIL,5800,PHI@WAS 02/10/2024 07:00PM ET,PHI,26.26
PG/SG,Jordan Poole (32639485),Jordan Poole,32639485,PG/SG/G/UTIL,5800,PHI@WAS 02/10/2024 07:00PM ET,WAS,26.9
SG/SF,Aaron Nesmith (32639480),Aaron Nesmith,32639480,SG/SF/F/G/UTIL,5800,IND@NYK 02/10/2024 07:30PM ET,IND,23.83
C,Mark Williams (32639493),Mark Williams,32639493,C/UTIL,5700,MEM@CHA 02/10/2024 07:00PM ET,CHA,30.55
SG,Klay Thompson (32639495),Klay Thompson,32639495,SG/G/UTIL,5700,PHX@GSW 02/10/2024 08:30PM ET,GSW,28.03
SG/SF,Max Strus (32639501),Max Strus,32639501,SG/SF/F/G/UTIL,5600,CLE@TOR 02/10/2024 07:30PM ET,CLE,27.5
PF,Jabari Smith Jr. (32639498),Jabari Smith Jr.,32639498,PF/F/UTIL,5600,HOU@ATL 02/10/2024 07:30PM ET,HOU,28.92
PF/C,Santi Aldama (32639510),Santi Aldama,32639510,PF/C/F/UTIL,5600,MEM@CHA 02/10/2024 07:00PM ET,MEM,23.72
PG/SG,Ayo Dosunmu (32639506),Ayo Dosunmu,32639506,PG/SG/G/UTIL,5600,CHI@ORL 02/10/2024 07:00PM ET,CHI,18.58
PG,Chris Paul (32639518),Chris Paul,32639518,PG/G/UTIL,5600,PHX@GSW 02/10/2024 08:30PM ET,GSW,27.15
PF,Bruce Brown (32639521),Bruce Brown,32639521,PF/F/UTIL,5500,CLE@TOR 02/10/2024 07:30PM ET,TOR,23.98
SF/PF,Tari Eason (32639514),Tari Eason,32639514,SF/PF/F/UTIL,5500,HOU@ATL 02/10/2024 07:30PM ET,HOU,25.01
C,Marvin Bagley III (32639539),Marvin Bagley III,32639539,C/UTIL,5500,PHI@WAS 02/10/2024 07:00PM ET,WAS,21.05
SG,Cody Martin (32639524),Cody Martin,32639524,SG/G/UTIL,5500,MEM@CHA 02/10/2024 07:00PM ET,CHA,20.42
PG/SG,Alec Burks (32639527),Alec Burks,32639527,PG/SG/G/UTIL,5500,IND@NYK 02/10/2024 07:30PM ET,NYK,20.4
SG,Luke Kennard (32639533),Luke Kennard,32639533,SG/G/UTIL,5400,MEM@CHA 02/10/2024 07:00PM ET,MEM,20.79
C,Wendell Carter Jr. (32639531),Wendell Carter Jr.,32639531,C/UTIL,5400,CHI@ORL 02/10/2024 07:00PM ET,ORL,24.24
PG/SG,Miles McBride (32639541),Miles McBride,32639541,PG/SG/G/UTIL,5400,IND@NYK 02/10/2024 07:30PM ET,NYK,10.26
SF,Andrew Wiggins (32639536),Andrew Wiggins,32639536,SF/F/UTIL,5400,PHX@GSW 02/10/2024 08:30PM ET,GSW,22.08
PG/SG,Alex Caruso (32639545),Alex Caruso,32639545,PG/SG/G/UTIL,5300,CHI@ORL 02/10/2024 07:00PM ET,CHI,23.94
SG/SF,Grayson Allen (32639549),Grayson Allen,32639549,SG/SF/F/G/UTIL,5300,PHX@GSW 02/10/2024 08:30PM ET,PHX,26.15
SF/PF,Nicolas Batum (32639557),Nicolas Batum,32639557,SF/PF/F/UTIL,5200,PHI@WAS 02/10/2024 07:00PM ET,PHI,17.1
PF,Gregory Jackson (32639554),Gregory Jackson,32639554,PF/F/UTIL,5200,MEM@CHA 02/10/2024 07:00PM ET,MEM,17.9
SG/SF,Bennedict Mathurin (32639561),Bennedict Mathurin,32639561,SG/SF/F/G/UTIL,5200,IND@NYK 02/10/2024 07:30PM ET,IND,23.72
SG/SF,Cam Whitmore (32639569),Cam Whitmore,32639569,SG/SF/F/G/UTIL,5000,HOU@ATL 02/10/2024 07:30PM ET,HOU,19.43
SG/SF,Buddy Hield (32639574),Buddy Hield,32639574,SG/SF/F/G/UTIL,5000,PHI@WAS 02/10/2024 07:00PM ET,PHI,23.76
PG,Scotty Pippen Jr. (32639566),Scotty Pippen Jr.,32639566,PG/G/UTIL,5000,MEM@CHA 02/10/2024 07:00PM ET,MEM,24.71
SG/SF,Dillon Brooks (32639579),Dillon Brooks,32639579,SG/SF/F/G/UTIL,4900,HOU@ATL 02/10/2024 07:30PM ET,HOU,23.05
C,Kelly Olynyk (32639595),Kelly Olynyk,32639595,C/UTIL,4800,CLE@TOR 02/10/2024 07:30PM ET,TOR,22.64
SF/PF,De'Andre Hunter (32639584),De'Andre Hunter,32639584,SF/PF/F/UTIL,4800,HOU@ATL 02/10/2024 07:30PM ET,ATL,23.62
SF/PF,Corey Kispert (32639588),Corey Kispert,32639588,SF/PF/F/UTIL,4800,PHI@WAS 02/10/2024 07:00PM ET,WAS,19.08
PG,Jacob Gilyard (32639601),Jacob Gilyard,32639601,PG/G/UTIL,4800,MEM@CHA 02/10/2024 07:00PM ET,MEM,13.42
SG,Eric Gordon (32639592),Eric Gordon,32639592,SG/G/UTIL,4800,PHX@GSW 02/10/2024 08:30PM ET,PHX,21.99
PF/C,KJ Martin (32639604),KJ Martin,32639604,PF/C/F/UTIL,4700,PHI@WAS 02/10/2024 07:00PM ET,PHI,6.51
PG/SG,Jalen Suggs (32639597),Jalen Suggs,32639597,PG/SG/G/UTIL,4700,CHI@ORL 02/10/2024 07:00PM ET,ORL,24.08
C,Mo Bamba (32639608),Mo Bamba,32639608,C/UTIL,4600,PHI@WAS 02/10/2024 07:00PM ET,PHI,12.08
PG,Markelle Fultz (32639614),Markelle Fultz,32639614,PG/G/UTIL,4600,CHI@ORL 02/10/2024 07:00PM ET,ORL,21.25
PG/SG,Gary Trent Jr. (32639610),Gary Trent Jr.,32639610,PG/SG/G/UTIL,4500,CLE@TOR 02/10/2024 07:30PM ET,TOR,19.77
SG/SF,Bilal Coulibaly (32639621),Bilal Coulibaly,32639621,SG/SF/F/G/UTIL,4500,PHI@WAS 02/10/2024 07:00PM ET,WAS,19.26
PG/SG,Andrew Nembhard (32639617),Andrew Nembhard,32639617,PG/SG/G/UTIL,4500,IND@NYK 02/10/2024 07:30PM ET,IND,19.24
C,Richaun Holmes (32639637),Richaun Holmes,32639637,C/UTIL,4400,PHI@WAS 02/10/2024 07:00PM ET,WAS,9.46
SG/SF,John Konchar (32639629),John Konchar,32639629,SG/SF/F/G/UTIL,4400,MEM@CHA 02/10/2024 07:00PM ET,MEM,14.88
PG,Ish Smith (32639634),Ish Smith,32639634,PG/G/UTIL,4400,MEM@CHA 02/10/2024 07:00PM ET,CHA,10.98
SF,Nick Smith Jr. (32639658),Nick Smith Jr.,32639658,SF/F/UTIL,4300,MEM@CHA 02/10/2024 07:00PM ET,CHA,11.42
PG,T.J. McConnell (32639626),T.J. McConnell,32639626,PG/G/UTIL,4300,IND@NYK 02/10/2024 07:30PM ET,IND,21.61
PF/C,Jalen Smith (32639639),Jalen Smith,32639639,PF/C/F/UTIL,4300,IND@NYK 02/10/2024 07:30PM ET,IND,21.5
PF/C,Eugene Omoruyi (32639654),Eugene Omoruyi,32639654,PF/C/F/UTIL,4200,PHI@WAS 02/10/2024 07:00PM ET,WAS,10.18
PG,Kyle Lowry (32639651),Kyle Lowry,32639651,PG/G/UTIL,4200,MEM@CHA 02/10/2024 07:00PM ET,CHA,21.59
SF/PF,Patrick Williams (32639647),Patrick Williams,32639647,SF/PF/F/UTIL,4200,CHI@ORL 02/10/2024 07:00PM ET,CHI,20.52
SF/PF,David Roddy (32639643),David Roddy,32639643,SF/PF/F/UTIL,4200,PHX@GSW 02/10/2024 08:30PM ET,PHX,17.41
PF/C,Grant Williams (32639665),Grant Williams,32639665,PF/C/F/UTIL,4100,MEM@CHA 02/10/2024 07:00PM ET,CHA,17.65
PG,Derrick Rose (32639669),Derrick Rose,32639669,PG/G/UTIL,4100,MEM@CHA 02/10/2024 07:00PM ET,MEM,16.42
SF/PF,Royce O'Neale (32639661),Royce O'Neale,32639661,SF/PF/F/UTIL,4100,PHX@GSW 02/10/2024 08:30PM ET,PHX,20.28
SF/PF,Isaac Okoro (32639672),Isaac Okoro,32639672,SF/PF/F/UTIL,4000,CLE@TOR 02/10/2024 07:30PM ET,CLE,18.18
PG,Cameron Payne (32639680),Cameron Payne,32639680,PG/G/UTIL,4000,PHI@WAS 02/10/2024 07:00PM ET,PHI,13.17
SG/SF,Bryce McGowens (32639683),Bryce McGowens,32639683,SG/SF/F/G/UTIL,4000,MEM@CHA 02/10/2024 07:00PM ET,CHA,10.51
PF/C,Dario Saric (32639676),Dario Saric,32639676,PF/C/F/UTIL,4000,PHX@GSW 02/10/2024 08:30PM ET,GSW,22.23
SG,Ziaire Williams (32639692),Ziaire Williams,32639692,SG/G/UTIL,3900,MEM@CHA 02/10/2024 07:00PM ET,MEM,15.68
PF/C,Moritz Wagner (32639688),Moritz Wagner,32639688,PF/C/F/UTIL,3900,CHI@ORL 02/10/2024 07:00PM ET,ORL,20.1
C,Taj Gibson (32639695),Taj Gibson,32639695,C/UTIL,3900,IND@NYK 02/10/2024 07:30PM ET,NYK,5.17
SG,Gradey Dick (32639697),Gradey Dick,32639697,SG/G/UTIL,3800,CLE@TOR 02/10/2024 07:30PM ET,TOR,9.9
C,Jericho Sims (32639700),Jericho Sims,32639700,C/UTIL,3800,IND@NYK 02/10/2024 07:30PM ET,NYK,5.64
SG,Ricky Council IV (32639711),Ricky Council IV,32639711,SG/G/UTIL,3700,PHI@WAS 02/10/2024 07:00PM ET,PHI,6.73
PF,Patrick Baldwin Jr. (32639725),Patrick Baldwin Jr.,32639725,PF/F/UTIL,3700,PHI@WAS 02/10/2024 07:00PM ET,WAS,6.79
C,Trey Jemison (32639709),Trey Jemison,32639709,C/UTIL,3700,MEM@CHA 02/10/2024 07:00PM ET,MEM,10.12
PG/SF,Lester Quinones (32639702),Lester Quinones,32639702,PG/SF/F/G/UTIL,3700,PHX@GSW 02/10/2024 08:30PM ET,GSW,10.68
C,Kevon Looney (32639707),Kevon Looney,32639707,C/UTIL,3700,PHX@GSW 02/10/2024 08:30PM ET,GSW,18.07
C,Jontay Porter (32639718),Jontay Porter,32639718,C/UTIL,3600,CLE@TOR 02/10/2024 07:30PM ET,TOR,15.27
PG,Terquavion Smith (32639728),Terquavion Smith,32639728,PG/G/UTIL,3600,PHI@WAS 02/10/2024 07:00PM ET,PHI,9.06
PF,Leaky Black (32639722),Leaky Black,32639722,PF/F/UTIL,3600,MEM@CHA 02/10/2024 07:00PM ET,CHA,6.7
PF/C,Jonathan Isaac (32639714),Jonathan Isaac,32639714,PF/C/F/UTIL,3600,CHI@ORL 02/10/2024 07:00PM ET,ORL,15.51
C,Trayce Jackson-Davis (32639720),Trayce Jackson-Davis,32639720,C/UTIL,3600,PHX@GSW 02/10/2024 08:30PM ET,GSW,15.46
SF/PF,Jordan Nwora (32639731),Jordan Nwora,32639731,SF/PF/F/UTIL,3500,CLE@TOR 02/10/2024 07:30PM ET,TOR,11.48
C,Kenneth Lofton Jr. (32639748),Kenneth Lofton Jr.,32639748,C/UTIL,3500,PHI@WAS 02/10/2024 07:00PM ET,PHI,5.53
PG,Cole Anthony (32639735),Cole Anthony,32639735,PG/G/UTIL,3500,CHI@ORL 02/10/2024 07:00PM ET,ORL,23.76
SG/SF,Charlie Brown (32639743),Charlie Brown,32639743,SG/SF/F/G/UTIL,3500,IND@NYK 02/10/2024 07:30PM ET,NYK,2.5
SG/SF,Gary Payton II (32639738),Gary Payton II,32639738,SG/SF/F/G/UTIL,3500,PHX@GSW 02/10/2024 08:30PM ET,GSW,13.12
SF,Ochai Agbaji (32639764),Ochai Agbaji,32639764,SF/F/UTIL,3400,CLE@TOR 02/10/2024 07:30PM ET,TOR,12.17
C,Bruno Fernando (32639750),Bruno Fernando,32639750,C/UTIL,3400,HOU@ATL 02/10/2024 07:30PM ET,ATL,8.45
PG,Aaron Holiday (32639758),Aaron Holiday,32639758,PG/G/UTIL,3400,HOU@ATL 02/10/2024 07:30PM ET,HOU,13.09
C,Anthony Gill (32639767),Anthony Gill,32639767,C/UTIL,3400,PHI@WAS 02/10/2024 07:00PM ET,WAS,4.89
PF,Tosan Evbuomwan (32639755),Tosan Evbuomwan,32639755,PF/F/UTIL,3400,MEM@CHA 02/10/2024 07:00PM ET,MEM,9.75
PF,Obi Toppin (32639761),Obi Toppin,32639761,PF/F/UTIL,3400,IND@NYK 02/10/2024 07:30PM ET,IND,20.13
SG,Moses Moody (32639752),Moses Moody,32639752,SG/G/UTIL,3400,PHX@GSW 02/10/2024 08:30PM ET,GSW,15.83
SG,Sam Merrill (32639781),Sam Merrill,32639781,SG/G/UTIL,3300,CLE@TOR 02/10/2024 07:30PM ET,CLE,14.85
PG/SG,Patty Mills (32639794),Patty Mills,32639794,PG/SG/G/UTIL,3300,HOU@ATL 02/10/2024 07:30PM ET,ATL,6.29
PG,Delon Wright (32639784),Delon Wright,32639784,PG/G/UTIL,3300,PHI@WAS 02/10/2024 07:00PM ET,WAS,13.25
SG,Gary Harris (32639771),Gary Harris,32639771,SG/G/UTIL,3300,CHI@ORL 02/10/2024 07:00PM ET,ORL,14.29
SG,Furkan Korkmaz (32639778),Furkan Korkmaz,32639778,SG/G/UTIL,3300,IND@NYK 02/10/2024 07:30PM ET,IND,5.69
SF/PF,Jacob Toppin (32639787),Jacob Toppin,32639787,SF/PF/F/UTIL,3300,IND@NYK 02/10/2024 07:30PM ET,NYK,2.38
C,Drew Eubanks (32639769),Drew Eubanks,32639769,C/UTIL,3300,PHX@GSW 02/10/2024 08:30PM ET,PHX,14.41
PF/C,Bol Bol (32639774),Bol Bol,32639774,PF/C/F/UTIL,3300,PHX@GSW 02/10/2024 08:30PM ET,PHX,10.27
PF,Gui Santos (32639791),Gui Santos,32639791,PF/F/UTIL,3300,PHX@GSW 02/10/2024 08:30PM ET,GSW,9.18
SF/PF,Georges Niang (32639802),Georges Niang,32639802,SF/PF/F/UTIL,3200,CLE@TOR 02/10/2024 07:30PM ET,CLE,16.9
SG,Landry Shamet (32639809),Landry Shamet,32639809,SG/G/UTIL,3200,PHI@WAS 02/10/2024 07:00PM ET,WAS,12.94
SF,Matt Hurt (32639806),Matt Hurt,32639806,SF/F/UTIL,3200,MEM@CHA 02/10/2024 07:00PM ET,MEM,10.67
PG/SG,Seth Curry (32639812),Seth Curry,32639812,PG/SG/G/UTIL,3200,MEM@CHA 02/10/2024 07:00PM ET,CHA,9.13
SF/PF,Joe Ingles (32639798),Joe Ingles,32639798,SF/PF/F/UTIL,3200,CHI@ORL 02/10/2024 07:00PM ET,ORL,14.18
PG,Cory Joseph (32639816),Cory Joseph,32639816,PG/G/UTIL,3200,IND@NYK 02/10/2024 07:30PM ET,IND,6.85
SF,Doug McDermott (32639819),Doug McDermott,32639819,SF/F/UTIL,3200,IND@NYK 02/10/2024 07:30PM ET,IND,10.29
PF/C,Dean Wade (32639840),Dean Wade,32639840,PF/C/F/UTIL,3100,CLE@TOR 02/10/2024 07:30PM ET,CLE,15.26
PF/C,Jeff Green (32639834),Jeff Green,32639834,PF/C/F/UTIL,3100,HOU@ATL 02/10/2024 07:30PM ET,HOU,11.14
C,Jock Landale (32639838),Jock Landale,32639838,C/UTIL,3100,HOU@ATL 02/10/2024 07:30PM ET,HOU,6.82
SG,Nate Hinton (32639847),Nate Hinton,32639847,SG/G/UTIL,3100,HOU@ATL 02/10/2024 07:30PM ET,HOU,4.38
PG,Vasilije Micic (32639844),Vasilije Micic,32639844,PG/G/UTIL,3100,MEM@CHA 02/10/2024 07:00PM ET,CHA,8.6
C,Goga Bitadze (32639822),Goga Bitadze,32639822,C/UTIL,3100,CHI@ORL 02/10/2024 07:00PM ET,ORL,19.8
PF,Torrey Craig (32639824),Torrey Craig,32639824,PF/F/UTIL,3100,CHI@ORL 02/10/2024 07:00PM ET,CHI,15.73
C,Isaiah Jackson (32639832),Isaiah Jackson,32639832,C/UTIL,3100,IND@NYK 02/10/2024 07:30PM ET,IND,16.29
SG/SF,Josh Okogie (32639827),Josh Okogie,32639827,SG/SF/F/G/UTIL,3100,PHX@GSW 02/10/2024 08:30PM ET,PHX,12.85
SF/PF,Jalen McDaniels (32639959),Jalen McDaniels,32639959,SF/PF/F/UTIL,3000,CLE@TOR 02/10/2024 07:30PM ET,TOR,6.26
PG,Javon Freeman-Liberty (32639963),Javon Freeman-Liberty,32639963,PG/G/UTIL,3000,CLE@TOR 02/10/2024 07:30PM ET,TOR,1.62
PF/C,Chris Boucher (32639966),Chris Boucher,32639966,PF/C/F/UTIL,3000,CLE@TOR 02/10/2024 07:30PM ET,TOR,13.51
SG,Garrett Temple (32639970),Garrett Temple,32639970,SG/G/UTIL,3000,CLE@TOR 02/10/2024 07:30PM ET,TOR,3.38
PG,Markquis Nowell (32639973),Markquis Nowell,32639973,PG/G/UTIL,3000,CLE@TOR 02/10/2024 07:30PM ET,TOR,9.5
C,Damian Jones (32640075),Damian Jones,32640075,C/UTIL,3000,CLE@TOR 02/10/2024 07:30PM ET,CLE,5.26
PG,Craig Porter Jr. (32640077),Craig Porter Jr.,32640077,PG/G/UTIL,3000,CLE@TOR 02/10/2024 07:30PM ET,CLE,15.23
PF/C,Isaiah Mobley (32640080),Isaiah Mobley,32640080,PF/C/F/UTIL,3000,CLE@TOR 02/10/2024 07:30PM ET,CLE,5.17
SG/SF,Emoni Bates (32640084),Emoni Bates,32640084,SG/SF/F/G/UTIL,3000,CLE@TOR 02/10/2024 07:30PM ET,CLE,4.75
C,Tristan Thompson (32640089),Tristan Thompson,32640089,C/UTIL,3000,CLE@TOR 02/10/2024 07:30PM ET,CLE,11.06
PG,Ty Jerome (32640091),Ty Jerome,32640091,PG/G/UTIL,3000,CLE@TOR 02/10/2024 07:30PM ET,CLE,4.62
PF,Jermaine Samuels (32639850),Jermaine Samuels,32639850,PF/F/UTIL,3000,HOU@ATL 02/10/2024 07:30PM ET,HOU,3.52
SG,Reggie Bullock Jr. (32639853),Reggie Bullock Jr.,32639853,SG/G/UTIL,3000,HOU@ATL 02/10/2024 07:30PM ET,HOU,5.87
SG/SF,Wesley Matthews (32639856),Wesley Matthews,32639856,SG/SF/F/G/UTIL,3000,HOU@ATL 02/10/2024 07:30PM ET,ATL,6.33
PG,Trent Forrest (32639934),Trent Forrest,32639934,PG/G/UTIL,3000,HOU@ATL 02/10/2024 07:30PM ET,ATL,7.35
PG/SG,Kobe Bufkin (32639937),Kobe Bufkin,32639937,PG/SG/G/UTIL,3000,HOU@ATL 02/10/2024 07:30PM ET,ATL,3.25
SG/SF,AJ Griffin (32639941),AJ Griffin,32639941,SG/SF/F/G/UTIL,3000,HOU@ATL 02/10/2024 07:30PM ET,ATL,3.67
SG,Seth Lundy (32639946),Seth Lundy,32639946,SG/G/UTIL,3000,HOU@ATL 02/10/2024 07:30PM ET,ATL,2.64
SG/SF,Garrison Mathews (32639949),Garrison Mathews,32639949,SG/SF/F/G/UTIL,3000,HOU@ATL 02/10/2024 07:30PM ET,ATL,7.1
PG,Vit Krejci (32639954),Vit Krejci,32639954,PG/G/UTIL,3000,HOU@ATL 02/10/2024 07:30PM ET,ATL,0
C,Mouhamed Gueye (32639957),Mouhamed Gueye,32639957,C/UTIL,3000,HOU@ATL 02/10/2024 07:30PM ET,ATL,1
PG,Jeenathan Williams (32640064),Jeenathan Williams,32640064,PG/G/UTIL,3000,HOU@ATL 02/10/2024 07:30PM ET,HOU,5.86
SF/PF,Jae'Sean Tate (32640067),Jae'Sean Tate,32640067,SF/PF/F/UTIL,3000,HOU@ATL 02/10/2024 07:30PM ET,HOU,11.99
C,Boban Marjanovic (32640071),Boban Marjanovic,32640071,C/UTIL,3000,HOU@ATL 02/10/2024 07:30PM ET,HOU,6.39
C,Steven Adams (32640073),Steven Adams,32640073,C/UTIL,3000,HOU@ATL 02/10/2024 07:30PM ET,HOU,0
SG,Jules Bernard (32639861),Jules Bernard,32639861,SG/G/UTIL,3000,PHI@WAS 02/10/2024 07:00PM ET,WAS,4.04
PG,Jared Butler (32639864),Jared Butler,32639864,PG/G/UTIL,3000,PHI@WAS 02/10/2024 07:00PM ET,WAS,9.31
SG,Johnny Davis (32639867),Johnny Davis,32639867,SG/G/UTIL,3000,PHI@WAS 02/10/2024 07:00PM ET,WAS,4.73
SF/PF,Isaiah Livers (32639870),Isaiah Livers,32639870,SF/PF/F/UTIL,3000,PHI@WAS 02/10/2024 07:00PM ET,WAS,10.89
PF/C,Robert Covington (32639976),Robert Covington,32639976,PF/C/F/UTIL,3000,PHI@WAS 02/10/2024 07:00PM ET,PHI,13.87
C,Nathan Mensah (32639905),Nathan Mensah,32639905,C/UTIL,3000,MEM@CHA 02/10/2024 07:00PM ET,CHA,6.43
SG,Amari Bailey (32639907),Amari Bailey,32639907,SG/G/UTIL,3000,MEM@CHA 02/10/2024 07:00PM ET,CHA,2.83
PF/C,JT Thor (32639910),JT Thor,32639910,PF/C/F/UTIL,3000,MEM@CHA 02/10/2024 07:00PM ET,CHA,8.16
SG,James Bouknight (32639914),James Bouknight,32639914,SG/G/UTIL,3000,MEM@CHA 02/10/2024 07:00PM ET,CHA,5.7
PG,Frank Ntilikina (32639917),Frank Ntilikina,32639917,PG/G/UTIL,3000,MEM@CHA 02/10/2024 07:00PM ET,CHA,3.7
PG/SG,Tre Mann (32639920),Tre Mann,32639920,PG/SG/G/UTIL,3000,MEM@CHA 02/10/2024 07:00PM ET,CHA,8.81
PF/C,Davis Bertans (32639924),Davis Bertans,32639924,PF/C/F/UTIL,3000,MEM@CHA 02/10/2024 07:00PM ET,CHA,5.77
PF,Chimezie Metu (32640022),Chimezie Metu,32640022,PF/F/UTIL,3000,MEM@CHA 02/10/2024 07:00PM ET,MEM,10.88
SF,Yuta Watanabe (32640025),Yuta Watanabe,32640025,SF/F/UTIL,3000,MEM@CHA 02/10/2024 07:00PM ET,MEM,7.28
PF/C,Lamar Stevens (32640028),Lamar Stevens,32640028,PF/C/F/UTIL,3000,MEM@CHA 02/10/2024 07:00PM ET,MEM,6.46
SF,Jake LaRavia (32640032),Jake LaRavia,32640032,SF/F/UTIL,3000,MEM@CHA 02/10/2024 07:00PM ET,MEM,6.68
PG,Desmond Bane (32640035),Desmond Bane,32640035,PG/G/UTIL,3000,MEM@CHA 02/10/2024 07:00PM ET,MEM,41.63
PG,Marcus Smart (32640038),Marcus Smart,32640038,PG/G/UTIL,3000,MEM@CHA 02/10/2024 07:00PM ET,MEM,28.31
PG,Ja Morant (32640041),Ja Morant,32640041,PG/G/UTIL,3000,MEM@CHA 02/10/2024 07:00PM ET,MEM,46.67
C,Brandon Clarke (32640044),Brandon Clarke,32640044,C/UTIL,3000,MEM@CHA 02/10/2024 07:00PM ET,MEM,0
PG,Trevelin Queen (32639874),Trevelin Queen,32639874,PG/G/UTIL,3000,CHI@ORL 02/10/2024 07:00PM ET,ORL,9.29
SF/PF,Chuma Okeke (32639877),Chuma Okeke,32639877,SF/PF/F/UTIL,3000,CHI@ORL 02/10/2024 07:00PM ET,ORL,7.91
SG/SF,Caleb Houstan (32639881),Caleb Houstan,32639881,SG/SF/F/G/UTIL,3000,CHI@ORL 02/10/2024 07:00PM ET,ORL,8.84
SF,Jett Howard (32639886),Jett Howard,32639886,SF/F/UTIL,3000,CHI@ORL 02/10/2024 07:00PM ET,ORL,3.07
SF,Kevon Harris (32639889),Kevon Harris,32639889,SF/F/UTIL,3000,CHI@ORL 02/10/2024 07:00PM ET,ORL,0.75
SG/SF,Anthony Black (32639892),Anthony Black,32639892,SG/SF/F/G/UTIL,3000,CHI@ORL 02/10/2024 07:00PM ET,ORL,11.7
PF,Admiral Schofield (32639897),Admiral Schofield,32639897,PF/F/UTIL,3000,CHI@ORL 02/10/2024 07:00PM ET,ORL,2.15
C,Adama Sanogo (32639980),Adama Sanogo,32639980,C/UTIL,3000,CHI@ORL 02/10/2024 07:00PM ET,CHI,5
C,Terry Taylor (32639982),Terry Taylor,32639982,C/UTIL,3000,CHI@ORL 02/10/2024 07:00PM ET,CHI,4.65
SF/PF,Julian Phillips (32639984),Julian Phillips,32639984,SF/PF/F/UTIL,3000,CHI@ORL 02/10/2024 07:00PM ET,CHI,3.38
SF,Henri Drell (32639988),Henri Drell,32639988,SF/F/UTIL,3000,CHI@ORL 02/10/2024 07:00PM ET,CHI,0
PG/SG,Jevon Carter (32639991),Jevon Carter,32639991,PG/SG/G/UTIL,3000,CHI@ORL 02/10/2024 07:00PM ET,CHI,9.57
SG,Onuralp Bitim (32639995),Onuralp Bitim,32639995,SG/G/UTIL,3000,CHI@ORL 02/10/2024 07:00PM ET,CHI,0
SF,Dalen Terry (32639998),Dalen Terry,32639998,SF/F/UTIL,3000,CHI@ORL 02/10/2024 07:00PM ET,CHI,7.05
SG,Zach LaVine (32640001),Zach LaVine,32640001,SG/G/UTIL,3000,CHI@ORL 02/10/2024 07:00PM ET,CHI,34.33
PG,Lonzo Ball (32640004),Lonzo Ball,32640004,PG/G/UTIL,3000,CHI@ORL 02/10/2024 07:00PM ET,CHI,0
PG/SG,Duane Washington Jr. (32639928),Duane Washington Jr.,32639928,PG/SG/G/UTIL,3000,IND@NYK 02/10/2024 07:30PM ET,NYK,0
C,Mitchell Robinson (32639932),Mitchell Robinson,32639932,C/UTIL,3000,IND@NYK 02/10/2024 07:30PM ET,NYK,25.38
PF,James Johnson (32640046),James Johnson,32640046,PF/F/UTIL,3000,IND@NYK 02/10/2024 07:30PM ET,IND,4.7
C,Oscar Tshiebwe (32640049),Oscar Tshiebwe,32640049,C/UTIL,3000,IND@NYK 02/10/2024 07:30PM ET,IND,6.46
PG,Isaiah Wong (32640051),Isaiah Wong,32640051,PG/G/UTIL,3000,IND@NYK 02/10/2024 07:30PM ET,IND,0
PG/SG,Ben Sheppard (32640054),Ben Sheppard,32640054,PG/SG/G/UTIL,3000,IND@NYK 02/10/2024 07:30PM ET,IND,6.85
SF,Kendall Brown (32640058),Kendall Brown,32640058,SF/F/UTIL,3000,IND@NYK 02/10/2024 07:30PM ET,IND,2.58
PF,Jarace Walker (32640061),Jarace Walker,32640061,PF/F/UTIL,3000,IND@NYK 02/10/2024 07:30PM ET,IND,9.51
SG,Jerome Robinson (32639900),Jerome Robinson,32639900,SG/G/UTIL,3000,PHX@GSW 02/10/2024 08:30PM ET,GSW,1.42
C,Usman Garuba (32639903),Usman Garuba,32639903,C/UTIL,3000,PHX@GSW 02/10/2024 08:30PM ET,GSW,1.75
PG,Saben Lee (32640007),Saben Lee,32640007,PG/G/UTIL,3000,PHX@GSW 02/10/2024 08:30PM ET,PHX,6.12
PG,Theo Maledon (32640010),Theo Maledon,32640010,PG/G/UTIL,3000,PHX@GSW 02/10/2024 08:30PM ET,PHX,9.55
C,Udoka Azubuike (32640013),Udoka Azubuike,32640013,C/UTIL,3000,PHX@GSW 02/10/2024 08:30PM ET,PHX,6.9
SF/PF,Nassir Little (32640015),Nassir Little,32640015,SF/PF/F/UTIL,3000,PHX@GSW 02/10/2024 08:30PM ET,PHX,9.28
PG,Damion Lee (32640019),Damion Lee,32640019,PG/G/UTIL,3000,PHX@GSW 02/10/2024 08:30PM ET,PHX,0
